# https://github.com/cavoq/mcc-mnc-list -- MIT, from Wikipedia (CC BY-SA) -- 2026-10-02
001-1	TEST
202-0	Inter Telecom
202-1	Cosmote
202-10	NOVA
202-11	interConnect
202-12	Yuboto
202-13	Compatel Limited
202-14	Vodafone Greece
202-15	BWS
202-16	interConnect
202-17	NOVA
202-2	Cosmote
202-21	Cell Mobile
202-3	OTE
202-4	OSE
202-5	Vodafone
202-6	Vodafone Greece
202-7	AMD Telecom
202-8	RC
202-9	NOVA
204-0	Intovoice B.V.
204-1	RadioAccess Network Services
204-10	KPN
204-11	Greenet Netwerk B.V
204-12	Telfort
204-13	Unica Installatietechniek B.V.
204-14	Venus & Mercury Telecom
204-15	Ziggo
204-16	Odido
204-17	Lebara Ltd
204-18	Ziggo
204-19	Mixe Communication Solutions B.V.
204-2	Odido
204-20	Odido
204-21	ProRail B.V.
204-22	Ministerie van Defensie
204-23	KORE Wireless Nederland B.V.
204-24	PM Factory B.V.
204-25	CapX B.V.
204-26	SpeakUp B.V.
204-27	L-mobi
204-28	Lancelot B.V.
204-29	Tismi B.V.
204-3	Enreach
204-30	ASpider Solutions Nederland B.V.
204-32	Cubic Telecom Limited
204-33	Truphone B.V.
204-4	Vodafone
204-5	Elephant Talk Communications Premium Rate Services
204-6	Private Mobility Nederland B.V.
204-60	Nextgen Mobile Ltd
204-61	Alcadis B.V.
204-62	RGTN
204-63	Messagebird BV
204-64	Zetacom B.V.
204-65	AGMS Netherlands B.V.
204-66	Utility Connect B.V.
204-67	Koning en Hartman B.V.
204-68	Roamware (Netherlands) B.V.
204-69	KPN Mobile The Netherlands B.V.
204-7	Teleena
204-8	KPN
204-9	Lycamobile
204-91	Enexis Netbeheer B.V.
206-0	Proximus
206-1	Proximus
206-10	Orange Belgium
206-11	L-mobi
206-12	DIGI Belgium
206-13	Cwave
206-14	ALLOcloud
206-15	Elephant Talk Communications Schweiz GmbH
206-16	NextGen Mobile Ltd.
206-2	Infrabel
206-20	Base
206-22	Febo.mobi
206-23	Dust Mobile
206-25	Citymesh Air
206-28	BICS
206-29	TISMI
206-3	Citymesh Connect
206-30	Proximus SA
206-33	Ericsson NV
206-34	ONOFFAPP OÜ
206-4	MWingz
206-40	JOIN
206-42	Mediafon Carrier Services UAB
206-48	Network Research Belgium
206-5	Telenet
206-50	IP Nexia
206-6	Lycamobile
206-7	Vectone Mobile
206-70	iSea
206-71	test
206-72	test
206-73	test
206-74	test
206-75	SGRS Cyber Command
206-8	VOO
206-9	Proximus SA
206-99	e-BO Enterprises
208-1	Orange
208-10	SFR
208-11	SFR
208-12	1Global Operations France
208-13	SFR
208-14	SNCF Réseau
208-15	Free
208-16	Free
208-17	LEGOS
208-18	Voxbone
208-19	Haute-Garonne numérique
208-2	Orange
208-20	Bouygues
208-21	Bouygues
208-22	Transatel Mobile
208-23	Syndicat mixte ouvert Charente Numérique
208-24	Sierra Wireless
208-25	LycaMobile
208-26	NRJ Mobile
208-27	Coriolis Telecom
208-28	AIF
208-29	Cubic télécom France
208-3	Onoff Telecom
208-30	Syma Mobile
208-31	Vectone Mobile
208-32	Orange
208-33	Fibre64
208-34	Cellhire France
208-35	Free
208-36	Free
208-37	IP Directions
208-38	Lebara France Ltd
208-39	Netwo
208-4	Nexera
208-5	Globalstar Europe
208-500	EDF
208-6	Globalstar Europe
208-670	P1 Security
208-7	Globalstar Europe
208-700	Weaccess group
208-701	GIP Vendée numérique
208-702	17-Numerique
208-703	Nivertel
208-704	Axione Limousin
208-705	Hautes-Pyrénées Numérique
208-706	Tours Métropole Numérique
208-707	Sartel THD
208-708	Melis@ territoires ruraux
208-709	Quimper communauté télécom
208-710	Losange
208-711	Nomotech
208-712	Syndicat Audois d'énergies et du Numérique
208-713	SD NUM SAS
208-714	Département de l'Isère
208-8	SFR
208-86	SEM@FOR77
208-87	Airbus defence and space SAS
208-88	Bouygues
208-89	Hub One
208-9	SFR
208-90	Images & Réseaux
208-91	Orange S.A.
208-92	Com4Innov
208-93	Thales Communications & Security SAS
208-94	Halys
208-95	Orange S.A.
208-96	Région Bourgogne-Franche-Comté
208-97	Thales Communications & Security SAS
208-98	Société Air France
212-10	Monaco Telecom
213-3	Som, Mobiland
214-1	Vodafone
214-10	ZINNIA TELECOMUNICACIONES, S.L.U.
214-11	TELECOM CASTILLA-LA MANCHA, S.A.
214-12	CHADEVA SUR 2001, S.L.U.
214-13	FOOTBALLERISTA MOBILE SPAIN, S.A.
214-14	AVATEL MÓVIL, S.L.U.
214-15	PROCONO, S.A.
214-16	TeleCable
214-17	Móbil R
214-18	ONO
214-19	Simyo
214-2	Cube Móvil
214-20	Fonyou
214-21	Jazztel
214-22	DIGI mobil
214-23	Xfera Moviles S.A.U.
214-24	VODAFONE ESPAÑA, S.A.U.
214-25	Xfera Moviles S.A.U.
214-26	Lleida Networks Serveis Telemátics, SL
214-27	Truphone
214-28	Murcia4G
214-29	Xfera Moviles S.A.U.
214-3	Orange
214-30	Compatel Limited
214-31	Red Digital De Telecomunicaciones de las Islas Baleares, S.L.
214-32	Tuenti
214-33	Xfera Móviles, S.A.U.
214-34	Aire Networks del Mediterráneo, S.L.U.
214-35	INGENIUM OUTSOURCING SERVICES, S.L.
214-36	ALAI OPERADOR DE TELECOMUNICACIONES, S.L
214-37	Vodafone Spain
214-38	Telefónica Móviles España, S.A.U.
214-4	Yoigo
214-5	Movistar
214-51	ADIF
214-6	Vodafone
214-7	Movistar
214-700	Iberdrola
214-701	Endesa
214-702	Universidad de Málaga
214-703	ENDESA GENERACIÓN, S.A.
214-704	Amper Sistemas, S.A.U.
214-705	Administrador de Infraestructuras Ferroviarias
214-706	Gobierno Vasco
214-707	Centro de Sistemas y Tecnologías de la Información y las Comunicaciones
214-709	CTTI
214-8	Euskaltel
214-9	Orange
216-1	Yettel Hungary
216-2	HM EI Zrt.
216-20	Yettel Hungary
216-25	Yettel Hungary
216-3	one
216-30	Telekom
216-4	Pro-M PrCo. Ltd.
216-70	one
216-71	one
216-99	MAV GSM-R
218-3	HT-ERONET
218-5	m:tel
218-90	BH Mobile
219-1	HT HR
219-10	A1 HR
219-12	TELE FOCUS d.o.o.
219-13	FENICE TELEKOM GRUPA d.o.o.
219-15	BSG Estonia OÜ
219-19	YATECO
219-2	Telemach
219-20	T-Mobile HR
219-22	Mobile One
219-28	Lancelot B.V.
219-3	ALTAVOX d.o.o.
219-30	INNOVACOM OÜ
219-4	NTH Mobile d.o.o.
219-55	DIGICOM d.o.o.
219-99	Markoja d.o.o.
220-1	Yettel
220-11	Globaltel
220-12	STmobile
220-14	Ringtel Mobile d.o.o.
220-2	One
220-20	A1 SRB
220-21	Infrastruktura železnice Srbije a.d.
220-3	mt:s
220-4	T-Mobile CG
220-5	A1 SRB
220-7	Orion
220-9	Vectone Mobile
221-1	Vala
221-2	IPKO
221-6	Z Mobile
221-7	D3 Mobile
222-1	TIM
222-10	Vodafone
222-2	Elsacom
222-30	RFI
222-33	PosteMobile
222-34	BT Mobile/BT Enìa
222-35	Lycamobile
222-36	Digi Mobil
222-37	Wind Tre
222-38	Linkem
222-39	SMS Italia
222-4	Intermatica
222-41	GO Internet
222-43	TIM
222-47	Fastweb
222-48	TIM
222-49	Vianova
222-5	Telespazio
222-50	Iliad
222-53	CoopVoce
222-54	Plintron
222-56	spusu
222-6	Vodafone
222-7	Kena Mobile
222-77	IPSE 2000
222-8	Fastweb
222-88	Wind Tre
222-98	Blu
222-99	Wind Tre
226-1	Vodafone
226-10	Orange
226-11	Enigma-System
226-15	Idilis
226-16	Lycamobile
226-19	CFR
226-2	Clicknet Mobile
226-3	Telekom
226-4	Cosmote/Zapp
226-5	Digi.Mobil/DIGI
226-6	Telekom
228-1	Swisscom
228-10	Stadt Polizei Zürich
228-11	Swisscom Broadcast AG
228-12	Sunrise
228-13	SBB-CFF-FFS
228-2	Sunrise
228-3	Salt
228-5	Comfone AG
228-50	3G Mobile AG
228-51	relario AG
228-52	Barablu
228-53	upc cablecom
228-54	Lycamobile
228-55	Komodos SA
228-56	SMSRelay AG
228-57	Mitto AG
228-58	beeone
228-59	Vectone
228-6	SBB-CFF-FFS
228-60	Sunrise
228-61	Compatel Ltd.
228-62	Telecom26 AG
228-63	FTS
228-64	Nth AG
228-65	Nexphone AG
228-66	Inovia Services SA
228-67	Datatrade Managed AG
228-68	Intellico AG
228-69	MTEL Schweiz GmbH
228-7	IN&Phone
228-70	Tismi BV
228-71	spusu
228-72	SolNet
228-73	iWay
228-74	net+
228-75	Telecom Liechtenstein AG
228-76	1GLOBAL Operations (Switzerland) GmbH
228-8	Tele4u
228-80	Phonegroup SA
228-9	Comfone AG
228-98	Etablissement Cantonal d'Assurance
228-99	Swisscom Broadcast AG
230-1	T-Mobile
230-10	DataCell s.r.o.
230-11	incrate s.r.o.
230-2	O2
230-22	O2
230-3	Vodafone
230-4	Nordic Telecom
230-5	PODA a.s.
230-53	Škoda Auto a.s.
230-6	Nordic Telecom 5G a.s.
230-7	T-Mobile
230-8	Compatel s.r.o.
230-9	Unimobile
230-98	Správa železniční dopravní cesty, s.o.
230-99	Vodafone
231-1	Orange
231-10	HMZ RÁDIOKOMUNIKÁCIE, spol. s r.o.
231-2	Telekom
231-3	4ka
231-4	Telekom
231-5	Orange
231-50	Telekom
231-51	CETIN Networks, s. r. o.
231-6	O2
231-7	Orange
231-8	Unimobile
231-9	DSI DATA, a.s.
231-99	ŽSR
232-1	A1.net
232-10	3
232-11	bob
232-12	yesss!
232-13	Magenta
232-14	Hutchison Drei Austria
232-15	Vectone Mobile
232-16	Hutchison Drei Austria
232-17	spusu
232-18	I-new
232-19	Hutchison Drei Austria
232-2	A1 Telekom Austria
232-20	m:tel
232-21	Salzburg AG für Energie, Verkehr und Telekommunikation
232-22	Plintron Austria Limited
232-23	Magenta
232-24	Smartel Services GmbH
232-25	Holding Graz Kommunale Dienstleistungen GmbH
232-26	LIWEST Kabelmedien GmbH
232-27	TISMI B.V.
232-28	MASS Response Service GmbH
232-29	aicall telekommunikation
232-3	Magenta
232-30	Holding Graz Kommunale Dienstleistungen GmbH
232-4	Magenta
232-5	3
232-6	Orange AT
232-7	Hofer Telekom
232-8	Lycamobile
232-9	Tele2Mobil
232-91	GSM-R A
232-92	ArgoNET
234-0	BT
234-1	Vectone Mobile
234-10	O2 (UK)
234-11	O2 (UK)
234-12	Railtrack
234-13	Railtrack
234-14	HSL Messaging Limited
234-15	Vodafone UK
234-16	Talk Talk
234-17	FleXtel Limited
234-18	Cloud9
234-19	PMN
234-2	O2 (UK)
234-20	3
234-21	LogicStar Ltd
234-22	Telesign Mobile Limited
234-23	Icron Network Limited
234-24	Greenfone
234-25	Truphone
234-26	Lycamobile
234-27	Teleena
234-28	Marathon Telecom Limited
234-29	aql
234-3	Airtel-Vodafone
234-30	EE
234-31	EE
234-32	EE
234-33	EE
234-34	EE
234-35	JSC Ingenium (UK) Limited
234-36	Sure Mobile
234-37	Synectiv Ltd
234-38	Virgin Mobile
234-39	Gamma Telecom Holdings Ltd.
234-4	Wave Mobile Ltd
234-40	spusu
234-5	Spitfire Network Services Limited
234-50	JT
234-51	Relish
234-52	Shyam Telecom UK Ltd
234-53	Tango Extend
234-54	iD Mobile
234-55	Sure Mobile
234-56	National Cyber Security Centre
234-57	Sky Mobile
234-58	Pronto GSM
234-59	Limitless Mobile Ltd
234-6	Internet Computer Bureau Limited
234-7	Vodafone UK
234-70	AMSUK Ltd.
234-71	Home Office
234-72	Hanhaa Mobile
234-73	Bluewave Communications Ltd.
234-74	Circles MVNE International B.V.
234-75	MASS Response Service GmbH
234-76	BT
234-77	Vodafone UK
234-78	Airwave
234-79	UKTL
234-8	BT OnePhone
234-81	National Grid Telecoms Limited
234-82	GeoNetworks
234-83	UKTL
234-84	National Grid Telecoms Limited
234-86	EE Limited
234-87	Lebara
234-88	telet
234-9	Tismi BV
235-0	Vectone Mobile
235-1	EE
235-2	EE
235-3	Relish
235-4	University of Strathclyde
235-6	University of Strathclyde
235-7	University of Strathclyde
235-77	BT
235-8	Spitfire Network Services Limited
235-88	telet
235-91	Vodafone UK
235-92	Vodafone UK
235-94	Hutchison 3G UK Ltd
235-95	Network Rail Infrastructure Limited
238-1	TDC
238-10	TDC
238-11	SINE
238-12	Lycamobile
238-13	Compatel Limited
238-14	Monty UK Global Limited
238-15	Net 1
238-16	Tismi B.V.
238-17	Gotanet AB
238-18	Cubic Telecom
238-19	YATECO OÜ
238-2	Telenor
238-20	Telia
238-23	GSM-R DK
238-25	Viahub
238-28	LINK Mobile A/S
238-3	Syniverse Technologies
238-30	Interactive digital media GmbH
238-4	Nexcon.io ApS
238-40	Ericsson Danmark A/S
238-42	Wavely
238-43	MobiWeb Limited
238-5	TetraNet
238-6	3
238-66	TT-Netværket P/S
238-7	Vectone Mobile
238-73	Onomondo
238-77	Telenor
238-8	Voxbone
238-88	Cobira ApS
238-9	SINE
238-95	Dansk Beredskabskommunikation A/S
238-96	Telia
240-1	Telia
240-10	Spring Mobil
240-11	GlobalCell
240-12	Lycamobile
240-13	Bredband2 Allmänna IT AB
240-14	Tele2 Sverige AB
240-15	Sierra Wireless Sweden AB
240-16	42 Telecom AB
240-17	Gotanet
240-18	Generic Mobile Systems Sweden AB
240-19	Vectone Mobile
240-2	3
240-20	Sierra Wireless Sweden AB
240-21	MobiSir
240-22	Mediafon Carrier Services UAB
240-23	Infobip Limited (UK)
240-24	Sweden 2G
240-25	Monty UK Global Ltd
240-26	Twilio Sweden AB
240-27	GlobeTouch AB
240-28	LINK Mobile A/S
240-29	Mercury International Carrier Services AB
240-3	Net 1
240-30	Teracom AB
240-31	RebTel Network AB
240-32	Compatel Limited
240-33	Mobile Arts AB
240-34	Trafikverket centralfunktion IT
240-35	42 Telecom LTD
240-36	interactive digital media GmbH
240-37	Sinch Sweden AB
240-38	Voxbone
240-39	Primlight AB
240-4	SWEDEN
240-40	Netmore Group AB
240-41	Telenor Sverige AB
240-42	Telenor IoT
240-43	MobiWeb Ltd.
240-44	Telenabler AB
240-45	Spirius AB
240-46	Viahub
240-47	Viatel Sweden AB
240-48	Tismi BV
240-49	Telia Sverige AB
240-5	Sweden 3G
240-50	eRate Sverige AB
240-51	YATECO OÜ
240-58	Telia Sverige AB
240-59	Rakel G2
240-6	Telenor
240-60	Västra Götalandsregionen
240-61	MessageBird B.V.
240-63	FTS
240-7	Tele2
240-8	Telenor
240-9	Com4
240-900	Västra Götalandsregionen
242-1	Telenor
242-10	Nasjonal kommunikasjonsmyndighet
242-11	SystemNet
242-12	Telenor
242-13	IXT AS
242-14	ice
242-15	eRate Norway AS
242-16	Iristel Norway AS
242-17	Telenor
242-2	Telia
242-20	Jernbaneverket AS
242-21	Jernbaneverket AS
242-22	Lyse Tele AS
242-23	Lycamobile
242-24	Mobile Norway AS
242-25	CYFOR
242-3	Televerket AS
242-4	Tele2
242-5	OneCall / MyCall
242-6	ice
242-7	Phonero
242-70	test networks
242-71	private networks
242-72	private networks
242-73	private networks
242-74	private networks
242-75	private networks
242-8	Telia
242-9	Com4
242-90	Nokia Solutions and Networks Norge AS
242-99	TampNet AS
244-10	Traficom
244-11	Traficom
244-12	DNA
244-13	DNA
244-14	Ålcom
244-15	Telit Wireless Solutions GmbH
244-16	Digita Oy
244-17	Liikennevirasto
244-19	Nettia Oy
244-20	Elisa Oyj
244-21	Elisa- Saunalahti
244-22	EXFO Oy
244-23	EXFO Oy
244-24	Nord Connect UAB
244-25	Fortum Power and Heat Oy
244-26	Teollisuuden Voima Oyj
244-27	Teknologian tutkimuskeskus VTT Oy
244-28	Teknologian tutkimuskeskus VTT Oy
244-29	Teknologian tutkimuskeskus VTT Oy
244-3	DNA
244-30	Teknologian tutkimuskeskus VTT Oy
244-31	Teknologian tutkimuskeskus VTT Oy
244-32	Voxbone
244-33	VIRVE
244-34	Bittium Wireless
244-35	Edzcom Oy
244-36	Telia / DNA
244-37	Tismi
244-38	Nokia Solutions and Networks Oy
244-39	Nokia Solutions and Networks Oy
244-4	DNA
244-40	Nokia Solutions and Networks Oy
244-41	Nokia Solutions and Networks Oy
244-42	SMS Provider Corp.
244-43	Telavox AB / Telavox Oy
244-44	Turun ammattikorkeakoulu Oy
244-45	Suomen Turvallisuusverkko Oy
244-46	Suomen Turvallisuusverkko Oy
244-47	Suomen Turvallisuusverkko Oy
244-5	Elisa
244-50	Aalto-korkeakoulusäätiö sr
244-51	Aalto-korkeakoulusäätiö sr
244-52	Aalto-korkeakoulusäätiö sr
244-53	Aalto-korkeakoulusäätiö sr
244-54	Aalto-korkeakoulusäätiö sr
244-55	Aalto-korkeakoulusäätiö sr
244-56	Aalto-korkeakoulusäätiö sr
244-57	Aalto-korkeakoulusäätiö sr
244-58	Aalto-korkeakoulusäätiö sr
244-59	Aalto-korkeakoulusäätiö sr
244-6	Elisa
244-7	Nokia
244-8	Nokia
244-9	Nokia Solutions and Networks Oy
244-91	Telia
244-92	Sonera
244-93	Telia Finland Oyj
244-95	Säteilyturvakeskus
244-99	Oy L M Ericsson Ab
246-1	Telia
246-11	DATASIM OU
246-12	Nord connect OU
246-13	Travel Communication SIA
246-14	Tismi BV
246-15	Esim telecom, UAB
246-16	Annecto Telecom Limited
246-2	BITĖ
246-3	Tele2
246-4	Informatikos ir ryšių departamentas prie LR vidaus reikalų ministerija (Ministry of the Interior)
246-5	LTG Infra
246-6	Mediafon
246-7	Compatel Ltd.
246-8	MEZON
246-9	Interactive Digital Media GmbH
247-1	LMT
247-10	LMT
247-11	LMT
247-2	Tele2
247-3	TRIATEL
247-4	Beta Telecom
247-5	Bite
247-6	Bite
247-7	SIA "MEGATEL"
247-8	VMT
247-9	Xomobile
248-1	Telia
248-10	Intergo Telecom OÜ
248-11	UAB Raystorm Eesti filiaal
248-12	Ntel Solutions OÜ
248-13	Telia Eesti AS
248-14	Estonian Crafts OÜ
248-15	BSG Estonia OÜ
248-16	dzinga
248-17	Baltergo OÜ
248-18	Cloud Communications OÜ
248-19	OkTelecom OÜ
248-2	Elisa
248-20	DOTT Telecom OÜ
248-21	Trinavo LLC
248-22	M2MConnect OÜ
248-24	Novametro OÜ
248-25	Eurofed OÜ
248-26	IT-Decision Telecom OÜ
248-28	Nord Connect OÜ
248-29	SkyTel OÜ
248-3	Tele2
248-30	Mediafon Carrier Services OÜ
248-31	YATECO OÜ
248-32	Narayana OÜ
248-33	JAZZ MOBILE
248-34	Nettora Systems OÜ
248-35	Teliqon Communications OÜ
248-36	GlobalCell EU
248-37	Revaltex Group OÜ
248-4	Top Connect
248-5	CSC Telecom
248-6	Progroup Holding
248-7	Kõu
248-71	Siseministeerium (Ministry of Interior)
248-8	VIVEX
248-9	Bravo Telecom
250-1	MTS
250-10	DTC
250-11	Yota
250-12	Baykalwestcom
250-13	KUGSM
250-14	MegaFon
250-15	SMARTS
250-16	Miatel
250-17	Utel
250-18	12.ru
250-19	Alfa-Mobile
250-2	MegaFon
250-20	t2
250-21	GlobalTel
250-22	Vainakh Telecom
250-23	Thuraya
250-26	VTB Mobile
250-27	Letai
250-28	Beeline
250-29	Iridium
250-3	NCC
250-32	Win Mobile
250-33	Sevmobile
250-34	Krymtelekom
250-35	MOTIV
250-37	MCN Mobile
250-38	Tambov GSM
250-39	Rostelecom
250-4	Sibchallenge
250-40	VTC Mobile
250-44	Stavtelesot / North Caucasian GSM
250-45	Gazprombank Mobile
250-5	ETK
250-50	SberMobile
250-54	Miranda-Media
250-57	Matrix Mobile
250-59	WireFire
250-6	Skylink
250-60	Volna mobile
250-61	Intertelecom
250-62	T-Mobile
250-7	SMARTS
250-8	Vainah Telecom
250-811	Votek Mobile
250-9	Skylink
250-91	Sonic Duo
250-92	Primtelefon
250-93	Telecom XXI
250-96	+7Telecom
250-97	Phoenix
250-98	MKS (ex. Lugacom)
250-99	Beeline
255-0	IDC
255-1	Vodafone
255-10	Atlantis Telecom LLC
255-11	T.R. Communications LLC
255-2	Kyivstar
255-21	PEOPLEnet
255-23	CDMA Ukraine
255-25	NEWTONE
255-3	Kyivstar
255-4	Intertelecom
255-5	Kyivstar
255-6	lifecell
255-7	3Mob; Lycamobile
255-701	Ukrainian Special Systems
255-702	Limited Liability Company "J&W"
255-707	Kyivstar
255-8	JSC Ukrtelecom
255-9	PRJSC "Farlep-Invest"
255-99	Phoenix; MKS (ex. Lugacom)
257-1	A1
257-2	MTS
257-3	DIALLOG
257-4	life:)
257-5	byfly
257-6	beCloud
259-1	Orange
259-15	IDC
259-2	Moldcell
259-3	Moldtelecom
259-4	Eventis
259-5	Moldtelecom
259-99	Moldtelecom
260-1	Plus
260-10	T-Mobile
260-11	Plus
260-12	Cyfrowy Polsat
260-13	Move Telecom S.A.
260-14	Telco Leaders Ltd
260-15	Plus
260-16	Plus
260-17	Plus
260-18	AMD Telecom
260-19	SIA NetBalt
260-2	T-Mobile
260-20	TISMI B.V.
260-21	private networks
260-22	Twilio Ireland Limited
260-23	PGE Systemy S.A.
260-24	IT Partners Telco Sp. z o.o.
260-25	thulium Sp. z o.o.
260-26	T-Mobile
260-27	SIA Ntel Solutions
260-28	CrossMobile Sp. z o.o.
260-29	SMSWIZARD POLSKA Sp. z o.o.
260-3	Orange
260-30	T-Mobile
260-31	T-Mobile
260-32	Compatel Limited
260-33	1Global Operations
260-34	NetWorkS!
260-35	PKP Polskie Linie Kolejowe S.A.
260-36	YATECO OÜ
260-37	Lancelot B.V.
260-38	Premium Routing GmbH
260-39	Voxbone
260-4	Plus
260-40	Orange
260-41	EZ PHONE MOBILE Sp. z o.o.
260-42	T-Mobile
260-43	Smart Idea International Sp. z o.o.
260-44	Orange
260-45	Virgin Mobile
260-46	Orange
260-47	SMShighway Limited
260-48	AGILE TELECOM S.P.A.
260-49	Bird B.V.
260-5	Orange
260-50	eSIM Go Limited
260-51	B2B Network UAB
260-6	Play
260-7	Netia
260-72	Polkomtel Sp. z o.o.
260-73	Polkomtel Sp. z o.o.
260-76	Polkomtel Sp. z o.o.
260-77	P4 Sp. z o.o.
260-78	P4 Sp. z o.o.
260-79	P4 Sp. z o.o.
260-8	EXATEL S.A.
260-9	Lycamobile
260-90	Polska Spółka Gazownictwa Sp. z o.o.
260-97	Politechnika Łódzka Uczelniane Centrum Informatyczne
260-98	Play
262-1	Telekom
262-10	DB Netz AG
262-11	O2
262-12	Simquadrat
262-13	BAAINBw
262-14	Lebara Limited
262-15	Airdata
262-16	Telogic Germany GmbH
262-17	O2
262-18	NetCologne
262-19	450connect
262-2	Vodafone
262-20	Enreach
262-21	spusu
262-22	sipgate Wireless GmbH
262-23	1&1
262-24	TelcoVillage GmbH
262-25	MTEL
262-26	Simsalasim Germany GmbH
262-3	O2
262-33	simquadrat
262-4	Vodafone
262-41	First Telecom GmbH
262-42	CCC Event
262-43	Lycamobile
262-5	O2
262-6	Telekom
262-60	DB Telematik
262-7	O2
262-70	BDBOS
262-71	GSMK
262-72	Ericsson GmbH
262-73	Nokia
262-74	Ericsson GmbH
262-75	Core Network Dynamics GmbH
262-76	BDBOS
262-77	O2
262-78	Telekom
262-79	ng4T GmbH
262-8	O2
262-868	BDBOS
262-869	TKÜV-Netzanbindungen
262-9	Vodafone
262-92	Nash Technologies
262-98	private networks
266-1	GibTel
266-3	Gibfibrespeed
266-4	MCOM
266-6	CTS Mobile
266-9	Shine
268-1	Vodafone
268-11	Compatel, Limited
268-12	Infraestruturas de Portugal, S.A.
268-13	G9Telecom, S.A.
268-2	DIGI PT
268-21	Zapp
268-3	NOS
268-4	LycaMobile
268-5	Oniway - Inforcomunicaçôes, S.A.
268-6	MEO
268-7	Holafly Portugal, S.A.
268-8	MEO
268-80	E-Redes - Distribuição de Eletricidade, S.A.
268-91	Vodafone
268-92	Vodafone
268-93	NOS
270-1	POST
270-10	Blue Communications
270-2	MTX Connect S.à r.l.
270-5	Luxembourg Online S.A.
270-7	Bouygues
270-71	CFL
270-77	Tango
270-78	Interactive digital media GmbH
270-79	Mitto AG
270-80	Syniverse Technologies S.à r.l.
270-81	E-Lux Mobile Telecommunication S.A.
270-99	Orange
272-1	Vodafone
272-11	Tesco Mobile
272-13	Lycamobile
272-15	Virgin Mobile
272-16	iD Mobile
272-17	3
272-18	Cubic Telecom Limited
272-2	3
272-21	Net Feasa Limited
272-25	Sky Mobile
272-26	Vodafone
272-27	TP Ireland Operations Limited
272-3	Eir
272-4	Access Telecom
272-42	Imagine
272-5	3
272-68	Office of the Government Chief Information Officer
272-7	Eir
272-8	Eir
272-9	Clever Communications Ltd.
274-1	Síminn
274-11	Nova
274-12	Tal
274-16	Tismi BV
274-2	Sýn
274-22	Landhelgisgæslan (Icelandic Coast Guard)
274-3	Sýn
274-31	Síminn
274-4	Viking
274-5	Halló Frjáls fjarskipti hf.
274-6	Núll níu ehf
274-7	IceCell
274-8	On-waves
274-91	Neyðarlínan
276-1	ONE
276-2	Vodafone
276-3	ALBtelecom
276-4	Plus Communication
278-1	Epic
278-11	YOM Ltd.
278-21	GO
278-30	GO
278-77	Melita
280-1	Cytamobile-Vodafone
280-10	Epic
280-2	Cytamobile-Vodafone
280-20	PrimeTel
280-22	lemontel
280-23	Vectone Mobile
282-1	Geocell
282-10	Premium Net International SRL
282-11	Mobilive
282-12	Telecom1 Ltd
282-13	Asanet Ltd
282-14	DataCell
282-15	Servicebox Ltd
282-16	Unicell Mobile Ltd
282-17	TMTECH Ltd
282-18	Lagi Ltd.
282-2	Magti
282-22	Myphone
282-3	MagtiFix
282-4	Cellfie
282-5	S1
282-6	JSC Compatel
282-66	Icecell Telecom LLC
282-7	GlobalCell
282-8	Silk LTE
282-9	Gmobile
283-1	Team
283-10	Ucom
283-4	Karabakh Telecom
283-5	Viva Armenia
284-1	A1 BG
284-11	Bulsatcom
284-13	Ти.ком
284-3	Vivacom
284-5	Yettel
284-7	НКЖИ
284-9	COMPATEL LIMITED
286-1	Turkcell
286-2	Vodafone
286-3	Türk Telekom
286-4	Aycell
288-1	Føroya Tele
288-10	Føroya Tele
288-2	Nema
288-3	TOSA
289-67	Aquafon
289-88	A-Mobile
290-1	tusass
290-2	Nanoq Media
290-3	Tuullik mobile data
292-1	PRIMA
293-10	SŽ - Infrastruktura, d.o.o.
293-11	BeeIN d.o.o.
293-20	COMPATEL Ltd
293-21	NOVATEL d.o.o.
293-22	Mobile One Ltd.
293-40	A1 SI
293-41	Mobitel
293-64	T-2
293-70	Telemach
293-86	ELEKTRO GORENJSKA, d.d
294-1	Telekom.mk
294-10	WTI Macedonia
294-11	MOBIK TELEKOMUNIKACII DOOEL Skopje
294-12	MTEL DOOEL Skopje
294-2	one
294-3	A1 MK
294-4	Lycamobile
295-1	Swisscom
295-10	Soracom LI Ltd.
295-11	iBASIS Communications AG
295-2	7acht
295-5	FL1
295-6	Cubic Telecom
295-7	First Mobile AG
295-77	Alpmobil
295-9	EMnify GmbH
297-1	One
297-2	telekom.me
297-3	m:tel
302-100	dotmobile
302-130	Xplore
302-131	Xplore
302-140	Fibernetics
302-150	Cogeco Connexion Inc.
302-151	Cogeco Connexion Inc.
302-152	Cogeco Connexion Inc.
302-160	Sugar Mobile Inc.
302-220	Telus Mobility, Koodo Mobile, Public Mobile
302-221	Telus
302-222	Telus
302-230	ISP Telecom
302-250	Bell Mobility
302-270	EastLink
302-290	Airtel Wireless
302-300	ECOTEL
302-301	ECOTEL
302-310	ECOTEL
302-320	Rogers Wireless
302-330	OpenMobile Inc.
302-340	Execulink
302-350	Naskapi Imuun Inc.
302-351	MPVWifi Inc.
302-352	Lyttonnet
302-353	SpeedFI Inc.
302-354	Every-Day Computers Inc.
302-360	MiKe
302-361	Telus
302-370	Fido
302-380	Keewaytinook Mobile
302-390	DMTS
302-420	Telus
302-480	Qiniq
302-490	Freedom Mobile
302-491	Freedom Mobile
302-500	Videotron
302-510	Videotron
302-520	Rogers (Vidéotron MOCN)
302-530	Keewaytinook Mobile
302-540	Rovvr Communications Inc.
302-550	Star Solutions International Inc.
302-560	Lynx Mobility
302-570	Ligado Networks Corp.
302-590	Quadro Mobility
302-60	Karrier One Inc.
302-600	Iristel
302-610	Bell Mobility
302-620	ICE Wireless
302-630	Aliant Mobility
302-640	Bell
302-650	TBaytel
302-652	BC Tel Mobility (Telus)
302-653	Telus
302-655	MTS
302-656	TBay
302-657	Telus
302-660	MTS
302-670	CityTel Mobility
302-680	SaskTel
302-681	SaskTel
302-690	Bell
302-701	MB Tel Mobility
302-702	MT&T Mobility (Aliant)
302-703	New Tel Mobility (Aliant)
302-710	Globalstar
302-720	Rogers Wireless
302-721	Rogers Wireless
302-722	Rogers Wireless
302-723	Rogers Wireless
302-724	Rogers Wireless
302-725	Rogers Wireless
302-730	TerreStar Solutions
302-731	TerreStar Solutions
302-740	Rogers Wireless
302-741	Rogers Wireless
302-750	SaskTel
302-760	Public Mobile
302-770	TNW Wireless
302-780	SaskTel
302-781	SaskTel
302-790	NetSet
302-820	Rogers Wireless
302-821	Rogers Wireless
302-848	Vocom International Telecommunications, Inc
302-860	Telus
302-880	Bell / Telus / SaskTel
302-910	Halton Regional Police Service
302-911	Halton Regional Police Service
302-912	Halton Regional Police Service
302-920	Rogers Wireless
302-940	Wightman Mobility
302-970	Canadian Pacific Kansas City Railway
302-971	Canadian National Railway
302-972	Hydro-Québec
302-975	BC Hydro
302-990	Ericsson Canada
302-991	Halton Regional Police Service
302-992	AltaLink Management Ltd
302-996	BC Hydro
302-997	Powertech Labs
302-998	Institut de Recherche d’Hydro-Québec
308-1	SPM Telecom
308-2	GLOBALTEL
308-3	SPM Telecom
308-4	GLOBALTEL
310-10	Verizon
310-100	Plateau Wireless
310-110	IT&E Wireless
310-12	Verizon
310-120	T-Mobile
310-13	Verizon
310-130	Carolina West Wireless
310-140	GTA Wireless
310-15	Southern LINC
310-150	AT&T
310-16	AT&T
310-160	T-Mobile
310-17	ProxTel
310-170	AT&T
310-180	West Central
310-190	GCI
310-20	Union Wireless
310-200	T-Mobile
310-210	T-Mobile
310-220	T-Mobile
310-230	T-Mobile
310-240	T-Mobile
310-250	T-Mobile
310-260	T-Mobile
310-270	T-Mobile
310-280	AT&T
310-290	nep
310-30	mobi
310-300	Big Sky Mobile
310-310	T-Mobile
310-311	Farmers Wireless
310-32	IT&E Wireless
310-320	Cellular One
310-33	Guam Telephone Authority
310-330	Wireless Partners, LLC
310-34	Airpeak
310-340	Limitless Mobile
310-35	ETEX Wireless
310-350	Verizon
310-360	Pioneer Cellular
310-370	Docomo
310-380	AT&T
310-390	Cellular One of East Texas
310-4	Verizon
310-40	Mobi
310-400	IT&E Wireless
310-410	AT&T
310-420	World Mobile
310-430	GCI
310-440	Numerex
310-450	Viaero
310-460	Eseye LLC
310-470	Docomo
310-480	IT&E Wireless
310-490	T-Mobile
310-5	Verizon
310-50	GCI
310-500	Alltel
310-510	Cellcom
310-520	TNS
310-53	Virgin Mobile
310-530	T-Mobile
310-54	Alltel US
310-540	Phoenix
310-550	Syniverse Technologies
310-560	AT&T
310-570	Broadpoint, LLC
310-580	Inland Cellular Telephone Company
310-59	Cellular One
310-590	Verizon Wireless
310-591	Verizon Wireless
310-592	Verizon Wireless
310-593	Verizon Wireless
310-594	Verizon Wireless
310-595	Verizon Wireless
310-596	Verizon Wireless
310-597	Verizon Wireless
310-598	Verizon Wireless
310-599	Verizon Wireless
310-6	Verizon
310-60	Karrier One
310-600	Cellcom
310-610	Mavenir Systems Inc
310-620	Cellcom
310-630	Choice Wireless
310-640	Numerex
310-650	Jasper
310-66	UScellular
310-660	T-Mobile
310-670	AT&T
310-680	AT&T
310-690	Limitless Mobile
310-70	AT&T
310-700	Bigfoot Cellular
310-710	ASTAC
310-720	Syniverse Technologies
310-730	UScellular
310-740	Viaero
310-750	Appalachian Wireless
310-760	Lynch 3G Communications Corporation
310-770	T-Mobile
310-780	Dispatch Direct
310-790	BLAZE
310-80	AT&T
310-800	T-Mobile
310-810	Pacific Lightwave Inc.
310-820	Verizon Wireless
310-830	T-Mobile
310-840	telna Mobile
310-850	Aeris
310-860	Five Star Wireless
310-870	PACE
310-880	DTC Wireless
310-890	Verizon Wireless
310-891	Verizon Wireless
310-892	Verizon Wireless
310-893	Verizon Wireless
310-894	Verizon Wireless
310-895	Verizon Wireless
310-896	Verizon Wireless
310-897	Verizon Wireless
310-898	Verizon Wireless
310-899	Verizon Wireless
310-90	AT&T
310-900	Mid-Rivers Wireless
310-910	Verizon Wireless
310-920	James Valley Wireless, LLC
310-930	Copper Valley Wireless
310-940	Tyntec Inc.
310-950	AT&T
310-960	STRATA
310-970	Globalstar
310-980	Peoples Telephone
310-990	Evolve Broadband
311-0	West Central Wireless
311-10	Chariton Valley
311-100	Nex-Tech Wireless
311-110	Verizon
311-12	Verizon
311-120	IT&E Wireless
311-130	Black & Veatch
311-140	Bravado Wireless
311-150	Wilkes Cellular
311-160	Lightsquared L.P.
311-170	Tampnet
311-180	AT&T
311-190	AT&T
311-20	Chariton Valley
311-200	Dish Wireless
311-210	Telnyx LLC
311-220	UScellular
311-225	UScellular
311-228	UScellular
311-229	UScellular
311-230	C Spire
311-240	Cordova Wireless
311-250	IT&E Wireless
311-260	T-Mobile
311-270	Verizon
311-271	Verizon
311-272	Verizon
311-273	Verizon
311-274	Verizon
311-275	Verizon
311-276	Verizon
311-277	Verizon
311-278	Verizon
311-279	Verizon
311-280	Verizon
311-281	Verizon
311-282	Verizon
311-283	Verizon
311-284	Verizon
311-285	Verizon
311-286	Verizon
311-287	Verizon
311-288	Verizon
311-289	Verizon
311-290	BLAZE
311-30	Indigo Wireless
311-300	Nexus Communications, Inc.
311-310	NMobile
311-320	Choice Wireless
311-330	Bug Tussel Wireless
311-340	Illinois Valley Cellular
311-350	Nemont
311-360	Stelera Wireless
311-370	GCI Wireless
311-380	New Dimension Wireless Ltd.
311-390	Verizon
311-40	Choice Wireless
311-410	Chat Mobility
311-420	NorthwestCell
311-430	Chat Mobility
311-440	Verizon Wireless
311-450	PTCI
311-460	Electric Imp Inc.
311-470	Viya
311-480	Verizon
311-481	Verizon
311-482	Verizon
311-483	Verizon
311-484	Verizon
311-485	Verizon
311-486	Verizon
311-487	Verizon
311-488	Verizon
311-489	Verizon
311-490	T-Mobile
311-50	Thumb Cellular LP
311-500	mobi
311-510	Ligado Networks
311-520	Lightsquared L.P.
311-530	WorldCell Solutions LLC
311-540	Coeur Rochester, Inc
311-550	Choice Wireless
311-560	OTZ Cellular
311-570	Mediacom
311-580	UScellular
311-588	UScellular
311-589	UScellular
311-590	Verizon
311-60	Space Data Corporation
311-600	Limitless Mobile
311-610	SRT Communications
311-620	TerreStar Networks, Inc.
311-630	C Spire
311-640	Rock Wireless
311-650	United Wireless
311-660	Metro
311-670	Pine Belt Wireless
311-680	GreenFly LLC
311-690	TeleBEEPER of New Mexico
311-70	AT&T
311-700	Midwest Network Solutions Hub LLC
311-710	Northeast Wireless Networks LLC
311-720	MainePCS LLC
311-730	Proximiti Mobility Inc.
311-740	Telalaska Cellular
311-750	ClearTalk
311-760	Edigen Inc.
311-770	Altiostar Networks, Inc.
311-780	ASTCA
311-790	Coleman County Telephone Cooperative, Inc.
311-80	Pine Cellular
311-800	Verizon Wireless
311-810	Verizon Wireless
311-820	Ribbon Communications
311-830	Thumb Cellular LP
311-840	Cellcom
311-850	Cellcom
311-860	STRATA
311-870	T-Mobile
311-880	T-Mobile
311-882	T-Mobile
311-890	Globecomm Network Services Corporation
311-90	AT&T
311-900	GigSky
311-910	MobileNation
311-920	Chariton Valley
311-930	Cox Communications
311-940	T-Mobile
311-950	ETC
311-960	Lycamobile
311-970	Big River Broadband
311-980	LigTel Communications
311-990	VTel Wireless
312-10	Chariton Valley
312-100	ClearSky Technologies, Inc.
312-110	Texas Energy Network LLC
312-120	Appalachian Wireless
312-130	Appalachian Wireless
312-140	Revol Wireless
312-150	NorthwestCell
312-160	Chat Mobility
312-170	Chat Mobility
312-180	Limitless Mobile LLC
312-190	T-Mobile
312-20	Infrastructure Networks, LLC
312-200	Voyager Mobility LLC
312-210	Aspenta International, Inc.
312-220	Chariton Valley
312-230	SRT Communications
312-240	Sprint
312-250	T-Mobile
312-260	WorldCell Solutions LLC
312-270	Pioneer Cellular
312-280	Pioneer Cellular
312-290	STRATA
312-30	Bravado Wireless
312-300	telna Mobile
312-310	Clear Stream Communications, LLC
312-320	RTC Communications LLC
312-330	Nemont
312-340	MTA
312-350	Triangle Communication System Inc.
312-360	Wes-Tex Telecommunications, Ltd.
312-370	Choice Wireless
312-380	Copper Valley Wireless
312-390	FTC Wireless
312-40	Custer Telephone Co-op (CTCI)
312-400	Mid-Rivers Wireless
312-410	Eltopia Communications, LLC
312-420	Nex-Tech Wireless
312-430	Silver Star Communications
312-440	Kajeet, Inc.
312-450	Cable & Communications Corporation
312-460	Ketchikan Public Utilities (KPU)
312-470	Carolina West Wireless
312-480	Nemont
312-490	TrustComm, Inc.
312-50	Fuego Wireless
312-500	AB Spectrum LLC
312-510	WUE Inc.
312-520	ANIN
312-530	T-Mobile
312-540	Broadband In Hand LLC
312-550	Great Plains Communications, Inc.
312-560	NHLT Inc.
312-570	Impact
312-580	Google LLC
312-590	NMU
312-60	CoverageCo
312-600	Nemont
312-610	ShawnTech Communications
312-620	Airlinq Inc.
312-630	NetGenuity, Inc.
312-640	Nemont
312-650	Brightlink
312-660	nTelos
312-670	FirstNet
312-680	AT&T
312-690	Tecore Global Services, LLC
312-70	Adams Networks Inc
312-700	Wireless Partners, LLC
312-710	Great North Woods Wireless LLC
312-720	Southern LINC
312-730	Triangle Communication System Inc.
312-740	Locus Telecommunications
312-750	Artemis Networks LLC
312-760	ASTAC
312-770	Verizon
312-780	Redzone Wireless
312-790	Gila Electronics
312-80	SyncSouth
312-800	Cirrus Core Networks
312-810	BBCP
312-820	Santel Communications Cooperative, Inc.
312-830	Kings County Office of Education
312-840	South Georgia Regional Information Technology Authority
312-850	Onvoy Spectrum, LLC
312-860	ClearTalk
312-870	GigSky Mobile, LLC
312-880	Albemarle County Public Schools
312-890	Circle Gx
312-90	AT&T
312-900	ClearTalk
312-910	Appalachian Wireless
312-920	Northeast Wireless Networks LLC
312-930	HNI
312-940	Webformix
312-950	Custer Telephone Co-op (CTCI)
312-960	M&A Technology, Inc.
312-970	IOSAZ Intellectual Property LLC
312-980	Mark Twain Communications Company
312-990	Premier Broadband
313-0	Tennessee Wireless
313-10	Bravado Wireless
313-100	FirstNet
313-110	FirstNet
313-120	FirstNet
313-130	FirstNet
313-140	FirstNet
313-150	FirstNet
313-160	FirstNet
313-170	FirstNet
313-180	FirstNet
313-190	FirstNet
313-20	CTC Wireless
313-200	Mercury Network Corporation
313-210	AT&T
313-220	Custer Telephone Co-op (CTCI)
313-230	Velocity Communications Inc.
313-240	Peak Internet
313-250	Imperial County Office of Education
313-260	Expeto Wireless Inc.
313-270	Blackstar Management
313-280	King Street Wireless, LP
313-290	Gulf Coast Broadband LLC
313-30	AT&T Mobility
313-300	Southern California Edison
313-310	CAL.NET, Inc.
313-320	Paladin Wireless
313-330	CenturyTel Broadband Services LLC
313-340	Dish
313-350	Dish
313-360	Dish
313-370	Red Truck Wireless, LLC
313-380	OptimERA Inc.
313-390	Altice USA Wireless, Inc.
313-40	NNTC Wireless
313-400	Texoma Communications, LLC
313-410	Anterix
313-420	Hudson Valley Wireless
313-440	Arvig Enterprises, Inc.
313-450	Spectrum Wireless Holdings, LLC
313-460	mobi
313-470	San Diego Gas & Electric Company
313-480	Ready Wireless, LLC
313-490	Puloli, Inc.
313-50	Breakaway Wireless
313-500	Shelcomm, Inc.
313-510	Claro
313-520	Florida Broadband, Inc.
313-540	Nokia Innovations US LLC
313-550	Mile High Networks LLC
313-560	Boldyn Networks US
313-570	Pioneer Cellular
313-580	Telecall Telecommunications Corp.
313-590	Southern LINC
313-60	Country Wireless
313-600	ST Engineering iDirect
313-61	Country Wireless
313-610	Point Broadband Fiber Holding, LLC
313-620	OmniProphis Corporation
313-630	LICT Corporation
313-640	Geoverse LLC
313-650	Chevron USA, Inc.
313-660	Hudson Valley Wireless
313-670	Hudson Valley Wireless
313-680	Hudson Valley Wireless
313-690	Shenandoah Cable Television, LLC
313-70	Midwest Network Solutions Hub LLC
313-700	Ameren Services Company
313-710	Extent Systems
313-720	1st Point Communications, LLC
313-730	TruAccess Networks
313-740	RTO Wireless, LLC
313-750	ZipLink
313-760	Hologram, Inc.
313-770	Tango Extend
313-780	Windstream Holdings
313-790	Liberty
313-80	Speedwavz LLP
313-800	Wireless Technologies of Nebraska
313-810	Watch Communications
313-820	Inland Cellular Telephone Company
313-830	360 Communications
313-840	CellBlox Acquisitions
313-850	Softcom Internet Communications, Inc
313-860	Nextlink
313-870	ElektraFi LLC
313-880	Shuttle Wireless
313-890	TCOE
313-90	Vivint Wireless, Inc.
313-900	Tribal Networks
313-910	San Diego Gas & Electric
313-920	JCI
313-930	Rock Wireless
313-940	Motorola Solutions
313-950	Cheyenne and Arapaho Development Group
313-960	Townes 5G, LLC
313-970	Tychron
313-980	Next Generation Application LLC
313-990	Ericsson US
314-10	Boingo Wireless Inc.
314-20	Spectrum Wireless Holdings, LLC
314-200	XF Wireless Investments, LLC
314-210	Telecom Resource Center
314-220	Securus Technologies
314-230	Trace-Tek LLC
314-240	XF Wireless Investments, LLC
314-260	AT&T Mobility
314-270	AT&T Mobility
314-280	Pollen Mobile LLC
314-290	Wave
314-30	Baicells Technologies North America Inc.
314-300	Southern California Edison
314-310	Terranet
314-320	Agri-Valley Communications, Inc
314-330	Nova Labs Inc
314-340	e/marconi
314-350	Evergy
314-360	Oceus Networks, LLC
314-370	ITEC
314-380	CCR
314-390	AT&T Mobility
314-400	C Spire
314-410	Peeringhub Inc
314-420	Cox Communications
314-430	Highway9 Networks, Inc
314-440	Tecore Global Services, LLC
314-450	NUWAVE Communications, Inc.
314-460	Texas A&M University
314-470	MetTel
314-480	Xcel Energy Services Inc.
314-490	UETN
314-500	Aetheros Inc.
314-510	SI Wireless LLC
314-520	OG+E
314-530	Agile Networks
314-540	RGTN
314-550	REALLY
314-560	Cape
314-570	Newmont Corporation
314-580	Lower Colorado River Authority
314-590	Lynk Global, Inc.
314-60	Texas A&M University
314-600	XNET Inc.
314-610	IMSI.AI
314-620	Memphis Light, Gas and Water
314-630	Cape
314-640	Cape
314-650	Cape
314-660	Cape
314-670	Wi-DAS LLC
314-680	Xfinity
314-690	Agri-Valley Communications, Inc.
314-70	Texas A&M University
314-700	Tampa Electric Company
314-710	Tribal Ready, PBC
314-720	OXIO, Inc.
314-730	TextNow, Inc.
314-740	Ringer Mobile, LLC
314-750	SDF, Inc.
314-760	BATS Wireless
314-770	Westbold LLC
314-780	Saint Regis Mohawk Tribe
314-790	Neuner Mobile Technologies LLC
314-80	Texas A&M University
314-800	Boost Network
314-810	ORCID
314-820	Sequoia Wireless LLC
314-830	Talkie Communications
314-840	MLGW
314-850	SpaceX
314-860	Exelon
314-870	Exelon
314-880	Oncor License Holdings Company, LLC
314-890	Central Council of the Tlingit & Haida Indian Tribes of Alaska
314-90	Southern LINC
314-900	Inland Cellular Telephone Company
315-10	CBRS
316-10	Nextel
316-11	Southern LINC
316-700	Mile High Networks LLC
330-0	Open Mobile
330-110	Claro Puerto Rico
330-120	Open Mobile
334-1	Comunicaciones Digitales Del Norte, S.A. de C.V.
334-10	AT&T
334-100	Financiera para el Bienestar
334-110	Maxcom Telecomunicaciones, S.A.B. de C.V.
334-120	Quickly Phone, S.A. de C.V.
334-130	ALESTRA SERVICIOS MÓVILES, S.A. DE C.V.
334-140	Red Compartida
334-150	Ultranet
334-160	Televisión Internacional, S.A. de C.V.
334-170	OXIO Mobile, S.A. de C.V.
334-180	FreedomPop
334-190	Viasat
334-20	Telcel
334-200	Virgin Mobile
334-210	YO Mobile
334-220	Megamóvil
334-230	VINOC, S.A.P.I. de C.V.
334-240	PEGASO PCS, S.A. DE C.V. (Movistar)
334-30	Movistar
334-40	Unefon
334-50	AT&T / Unefon
334-60	Servicios de Acceso Inalambrico, S.A. de C.V.
334-66	Telefonos de México, S.A.B. de C.V.
334-70	Unefon
334-80	Unefon
334-90	AT&T
338-110	FLOW
338-111	FLOW
338-180	FLOW
338-20	FLOW
338-40	Caricel
338-5	Digicel
338-50	Digicel
338-70	Claro
338-80	Rock Mobile Limited
340-1	Orange
340-10	SRIR
340-11	Guyane Téléphone Mobile
340-12	Martinique Téléphone Mobile
340-2	SFR Caraïbe
340-20	Digicel
340-3	FLOW
340-4	Free
340-5	Free
340-8	Dauphin
340-9	Free
342-600	FLOW
342-646	KW Telecommunications Inc.
342-750	Digicel
342-800	Ozone
342-820	Neptune Communications Inc.
344-30	inet
344-50	Digicel
344-920	FLOW
344-930	AT&T Wireless
346-1	Logic
346-140	FLOW
346-50	Digicel
346-7	Paradise Mobile Limited
348-170	FLOW
348-370	BVI Cable TV Ltd
348-570	CCT Boatphone
348-770	Digicel
350-0	One
350-1	Digicel Bermuda
350-11	Deltronics
350-15	FKB Net Ltd.
350-2	Mobility
350-5	Telecom Networks
350-7	Paradise Mobile
352-110	FLOW
352-21	Spice Mobile
352-30	Digicel
354-860	FLOW
356-110	FLOW
356-50	Digicel
356-70	FLOW
358-110	FLOW
360-100	Cingular Wireless
360-110	FLOW
360-50	Digicel
362-31	Eutel N.V.
362-33	WICC N.V.
362-51	Telcell
362-54	ECC
362-59	FLOW
362-60	FLOW
362-63	CSC N.V.
362-68	Digicel
362-69	Digicel
362-74	PCS N.V.
362-76	Digicel
362-78	Kla Mobile
362-91	FLOW
362-94	Bayòs
362-95	MIO
363-1	SETAR
363-2	Digicel
364-39	BTC
364-49	Aliv
365-10	Digicel
365-840	FLOW
366-110	FLOW
366-20	Digicel
368-1	CUBACEL
370-1	Altice
370-2	Claro
370-3	Altice
370-4	Viva
370-5	Wind
372-1	Voila
372-2	Digicel
372-3	Natcom
374-1	bmobile
374-12	bmobile
374-120	bmobile
374-129	bmobile
374-13	Digicel
374-130	Digicel
374-140	Laqtel
374-20	bmobile
376-350	FLOW
376-351	Digicel
376-352	FLOW
376-360	Digicel
400-1	Azercell
400-2	Bakcell
400-3	FONEX
400-4	Nar Mobile
400-5	Special State Protection Service of the Republic of Azerbaijan
400-6	Naxtel
401-1	Beeline
401-10	Freedom Telecom Operations LLP
401-2	Kcell
401-4	Beeline
401-7	Altel
401-77	Tele2.kz
401-8	Kazakhtelecom
402-11	B-Mobile
402-17	B-Mobile
402-77	TashiCell
404-1	Vi India
404-10	AirTel
404-11	Vi India
404-12	Vi India
404-13	Vi India
404-14	Vi India
404-15	Vi India
404-16	Airtel
404-17	AIRCEL
404-18	Reliance
404-19	Vi India
404-2	AirTel
404-20	Vi India
404-21	Loop Mobile
404-22	Vi India
404-23	Reliance
404-24	Vi India
404-25	AIRCEL
404-27	Vi India
404-28	AIRCEL
404-29	AIRCEL
404-3	AirTel
404-30	Vi India
404-31	AirTel
404-33	AIRCEL
404-34	BSNL Mobile
404-35	Aircel
404-36	Reliance
404-37	Aircel
404-38	BSNL Mobile
404-4	Vi India
404-40	AirTel
404-41	Aircel
404-42	Aircel
404-43	Vi India
404-44	Vi India
404-45	Airtel
404-46	Vi India
404-48	Dishnet Wireless
404-49	Airtel
404-5	Vi India
404-50	Reliance
404-51	BSNL Mobile
404-52	Reliance
404-53	BSNL Mobile
404-54	BSNL Mobile
404-55	BSNL Mobile
404-56	Vi India
404-57	BSNL Mobile
404-58	BSNL Mobile
404-59	BSNL Mobile
404-60	Vi India
404-62	BSNL Mobile
404-64	BSNL Mobile
404-66	BSNL Mobile
404-67	Reliance
404-68	MTNL
404-69	MTNL
404-7	Vi India
404-70	AirTel
404-71	BSNL Mobile
404-72	BSNL Mobile
404-73	BSNL Mobile
404-74	BSNL Mobile
404-75	BSNL Mobile
404-76	BSNL Mobile
404-77	BSNL Mobile
404-78	Vi India
404-79	BSNL Mobile
404-80	BSNL Mobile
404-81	BSNL Mobile
404-82	Idea
404-83	Reliance
404-84	Vi India
404-85	Reliance
404-86	Vi India
404-87	Idea
404-88	Vi India
404-89	Idea
404-9	Reliance
404-90	AirTel (Maharashtra)
404-91	AIRCEL
404-92	AirTel (Mumbai)
404-93	AirTel (Madhya Pradesh)
404-94	AirTel (Tamil Nadu)
404-95	AirTel (Kerala)
404-96	AirTel (Haryana)
404-97	AirTel (UP-West)
404-98	AirTel (Gujarat)
405-1	Reliance
405-10	Reliance
405-11	Reliance
405-12	Reliance
405-13	Reliance
405-14	Reliance
405-15	Reliance
405-17	Reliance
405-18	Reliance
405-19	Reliance
405-20	Reliance
405-21	Reliance
405-22	Reliance
405-23	Reliance
405-24	HFCL INFOT (Ping Mobile Brand)
405-25	TATA DOCOMO
405-26	TATA DOCOMO
405-27	TATA DOCOMO
405-28	TATA DOCOMO
405-29	TATA DOCOMO
405-3	Reliance
405-30	TATA DOCOMO
405-31	TATA DOCOMO
405-32	TATA DOCOMO
405-33	TATA DOCOMO
405-34	TATA DOCOMO
405-35	TATA DOCOMO
405-36	TATA DOCOMO
405-37	TATA DOCOMO
405-38	TATA DOCOMO
405-39	TATA DOCOMO
405-4	Reliance
405-41	TATA DOCOMO
405-42	TATA DOCOMO
405-43	TATA DOCOMO
405-44	TATA DOCOMO
405-45	TATA DOCOMO
405-46	TATA DOCOMO
405-47	TATA DOCOMO
405-48	INDIAN RAILWAYS GSM-R
405-5	Reliance
405-51	AirTel (West Bengal)
405-52	AirTel (Bihar)
405-53	AirTel (Orissa)
405-54	AirTel (UP East)
405-55	Airtel (Jammu & Kasmir)
405-56	AirTel (Assam)
405-6	Reliance
405-66	Vi India
405-67	Vi India
405-7	Reliance
405-70	Idea
405-750	Vi India
405-751	Vi India
405-752	Vi India
405-753	Vi India
405-754	Vi India
405-755	Vi India
405-756	Vi India
405-799	Vi India
405-8	Reliance
405-800	AIRCEL
405-801	AIRCEL
405-802	AIRCEL
405-803	AIRCEL
405-804	AIRCEL
405-805	AIRCEL
405-806	AIRCEL
405-807	AIRCEL
405-808	AIRCEL
405-809	AIRCEL
405-81	AIRCELL
405-810	AIRCEL
405-811	AIRCEL
405-812	AIRCEL
405-813	Uninor
405-814	Uninor
405-815	Uninor
405-816	Uninor
405-817	Uninor
405-818	Uninor
405-819	Uninor
405-82	AIRCELL
405-820	Uninor
405-821	Uninor
405-822	Uninor
405-824	Videocon Telecom
405-825	Videocon Telecom
405-826	Videocon Telecom
405-827	Videocon Telecom
405-828	Videocon Telecom
405-829	Videocon Telecom
405-83	AIRCELL
405-831	Videocon Telecom
405-832	Videocon Telecom
405-833	Videocon Telecom
405-834	Videocon Telecom
405-835	Videocon Telecom
405-836	Videocon Telecom
405-837	Videocon Telecom
405-838	Videocon Telecom
405-839	Videocon Telecom
405-840	Jio Bengal
405-841	Videocon Telecom
405-842	Videocon Telecom
405-843	Videocon Telecom
405-844	Uninor
405-845	Idea
405-846	Idea
405-847	Vi India
405-848	Idea
405-849	Idea
405-850	Idea
405-851	Vi India
405-852	Idea
405-853	Idea
405-854	Jio Andhra Pradesh
405-855	Jio Assam
405-856	Jio Bihar
405-857	Jio Gujarat
405-858	Jio Haryana
405-859	Jio Pradesh
405-860	Jio Mumbai
405-861	Jio Karnataka
405-862	Jio Kerala
405-863	Jio Madhya Pradesh
405-864	Jio Maharashtra
405-865	Jio North East
405-866	Jio Orissa
405-867	Jio Punjab
405-868	Jio Rajasthan
405-869	Jio Tamil Nadu
405-870	Jio Uttar Pradesh (West)
405-871	Jio Uttar Pradesh (East)
405-872	Jio Delhi
405-873	Jio Kolkata
405-874	Jio Mumbai
405-875	Uninor
405-876	Uninor
405-877	Uninor
405-878	Uninor
405-879	Uninor
405-880	Uninor
405-881	S Tel
405-882	S Tel
405-883	S Tel
405-884	S Tel
405-885	S Tel
405-886	S Tel
405-887	SISTEMA SHYAM
405-888	SISTEMA SHYAM
405-889	SISTEMA SHYAM
405-890	SISTEMA SHYAM
405-891	SISTEMA SHYAM
405-892	SISTEMA SHYAM
405-893	SISTEMA SHYAM
405-894	SISTEMA SHYAM
405-895	SISTEMA SHYAM
405-896	SISTEMA SHYAM
405-897	SISTEMA SHYAM
405-898	SISTEMA SHYAM
405-899	SISTEMA SHYAM
405-9	Reliance
405-900	SISTEMA SHYAM
405-901	SISTEMA SHYAM
405-902	SISTEMA SHYAM
405-903	SISTEMA SHYAM
405-904	SISTEMA SHYAM
405-905	SISTEMA SHYAM
405-906	SISTEMA SHYAM
405-907	SISTEMA SHYAM
405-908	Vi India
405-909	Vi India
405-910	Vi India
405-911	Vi India
405-912	Etisalat DB (cheers)
405-913	Etisalat DB (cheers)
405-914	Etisalat DB (cheers)
405-915	Etisalat DB (cheers)
405-916	Etisalat DB (cheers)
405-917	Etisalat DB (cheers)
405-918	Etisalat DB (cheers)
405-919	Etisalat DB (cheers)
405-920	Etisalat DB (cheers)
405-921	Etisalat DB (cheers)
405-922	Etisalat DB (cheers)
405-923	Etisalat DB (cheers)
405-924	Etisalat DB (cheers)
405-925	Uninor
405-926	Uninor
405-927	Uninor
405-928	Uninor
405-929	Uninor
405-930	Etisalat DB (cheers)
405-931	Etisalat DB (cheers)
405-932	VIDEOCON (HFCL)-GSM
410-1	Jazz
410-2	3G EVO / CharJi 4G
410-3	Ufone
410-4	Zong
410-5	SCO Mobile
410-6	Telenor
410-7	Jazz
410-8	SCO Mobile
412-1	AWCC
412-20	Roshan
412-40	ATOMA
412-50	Etisalat
412-55	WASEL
412-80	Salaam
412-88	Salaam
413-1	SLTMobitel
413-11	Dialog
413-12	SLTMobitel
413-2	Dialog
413-3	Hutch
413-4	Lanka Bell
413-5	Airtel
413-8	Hutch
413-9	Hutch
414-0	MPT
414-1	MPT
414-2	MPT
414-20	ACS
414-21	ACS
414-22	Fortune Telecom Co., Ltd
414-23	Global Technology Co., Ltd
414-3	CDMA800
414-4	MPT
414-5	Ooredoo
414-6	ATOM
414-9	Mytel
415-1	Alfa
415-3	Touch
415-36	Libancell
415-37	Libancell
415-38	Libancell
415-39	Libancell
415-5	Ogero Mobile
416-1	zain JO
416-2	XPress Telecom
416-3	Umniah
416-77	Orange
417-1	Syriatel
417-2	MTN
417-3	Wafa Telecom
417-50	Rcell
417-9	Syrian Telecom
418-0	Asia Cell
418-20	Zain
418-30	Zain
418-40	Korek
418-45	Mobitel
418-5	Asia Cell
418-62	Itisaluna
418-66	Fastlink
418-8	SanaTel
418-92	Omnnea
419-2	zain KW
419-3	Ooredoo
419-4	STC
420-1	Al Jawal (STC )
420-10	Future Networks Communications
420-21	RGSM
420-3	Mobily
420-4	Zain SA
420-5	Virgin Mobile
420-6	Lebara Mobile
420-9	Salam
421-1	SabaFon
421-10	Yemen-4G
421-11	Yemen Mobile
421-2	YOU
421-3	Yemen Mobile
421-4	Y
422-2	Omantel
422-3	Ooredoo
422-4	Omantel
422-6	Vodafone
424-2	Etisalat
424-3	du
425-1	Partner
425-10	Voicenter Ltd.
425-11	Merkaziya Ltd
425-12	Free Telecom
425-13	Ituran Cellular Communications
425-14	Pelephone
425-15	Cellcom
425-16	Rami Levy
425-17	Sipme
425-18	Cellact Communications
425-19	019 Mobile
425-2	Cellcom
425-20	Bezeq
425-21	Xphone 018 Ltd.
425-22	Maskyoo Telephonia Ltd.
425-23	Beezz Communication Solutions Ltd.
425-24	012 Mobile
425-25	IMOD
425-26	Annatel
425-27	Paycall Ltd
425-28	PHI Networks
425-29	C.M.G Networks
425-3	Pelephone
425-30	SIMpracy
425-4	Voye Global Connectivity Ltd.
425-5	Jawwal
425-6	Wataniya Mobile
425-7	Hot Mobile
425-8	Cellcom
425-9	We4G
426-1	Batelco
426-2	zain BH
426-3	Civil Aviation Authority
426-4	stc
426-5	Batelco
426-6	stc
426-7	TAIF
427-1	Ooredoo
427-2	Vodafone
427-5	Ministry of Interior
427-6	Ministry of Interior
428-33	ONDO
428-88	Unitel
428-91	Skytel
428-98	G-Mobile
428-99	Mobicom
429-1	Namaste / NT Mobile / Sky Phone
429-2	Ncell
429-3	UTL
429-4	SmartCell
432-1	Kish Cell Pars
432-10	Samantel
432-11	IR-TCI (Hamrah-e-Avval)
432-12	Avacell (HiWEB)
432-13	HiWEB
432-14	TKC/KFZO
432-19	Espadan
432-2	ApTel, AzarTel
432-20	RighTel
432-3	Parsian Hamrah Lotus
432-32	Taliya
432-35	MTN Irancell
432-4	TOSE E FANAVARI ERTEBATAT NOVIN HAMRAH
432-44	Mobinnet
432-45	Zi-Tel
432-46	HiWEB
432-49	Gostaresh Ertebatat Mabna
432-5	Smart Comm
432-50	Shatel Mobile
432-51	Pishgaman Tose'e Ertebatat
432-52	Asiatech
432-6	Arian-Tel
432-7	Hooshmand Amin Mobile
432-70	MTCE
432-71	KOOHE NOOR
432-8	Shatel Mobile
432-9	HiWEB
432-90	Iraphone
432-93	Iraphone
432-99	TCI
434-1	Buztel
434-10	HUMANS
434-2	Uzmacom
434-3	UzMobile
434-4	Beeline
434-5	Ucell
434-6	Perfectum Mobile
434-7	Mobiuz
434-8	UzMobile
434-9	EVO
436-1	Tcell
436-10	Babilon-T
436-12	Tcell
436-2	Tcell
436-3	MegaFon
436-4	Babilon-M
436-5	ZET-Mobile
437-1	Beeline
437-10	Saima Telecom
437-11	iTel
437-3	NurTelecom LLC
437-4	Alfa Telecom CJSC
437-5	MegaCom
437-6	Kyrgyztelecom OJSC
437-9	O!
438-1	MTS
438-2	TM-Cell
438-3	AGTS CDMA
440-0	Y!Mobile
440-1	KDDI Corporation
440-10	NTT docomo
440-11	Rakuten Mobile
440-12	Cable media waiwai Co., Ltd.
440-13	NTT DoCoMo Business, Inc.
440-14	Grape One Co., Ltd.
440-15	BB Backbone Corp.
440-16	Nokia Innovations Japan G.K.
440-17	Osaka Gas Business Create Co., Ltd.
440-18	Kintetsu Cable Network Co., Ltd.
440-19	NEC Networks & System Integration Corporation
440-2	Hanshin Cable Engineering Co., Ltd.
440-20	SoftBank
440-21	SoftBank
440-22	JTOWER Inc.
440-23	Fujitsu Ltd.
440-24	Japan Communications Inc.
440-25	SoftBank
440-26	NTT docomo
440-27	Rakuten Mobile, Inc.
440-28	OPTAGE Inc.
440-3	IIJmio
440-4	Japan Radio Company, Ltd.
440-5	Wireless City Planning Inc.
440-50	au
440-51	au
440-52	au
440-53	au
440-54	au
440-55	au
440-6	SAKURA Internet Inc.
440-7	closip, Inc.
440-70	au
440-71	au
440-72	au
440-73	au
440-74	au
440-75	au
440-76	au
440-78	au
440-8	Panasonic Connect Co., Ltd.
440-9	Misora Connect Inc.
440-91	NTT docomo
440-92	KDDI Corporation
440-93	SoftBank
440-94	Rakuten Mobile
441-0	Wireless City Planning Inc.
441-1	SoftBank
441-10	UQ WiMAX
441-200	Soracom Inc.
441-201	Aurens Co., Ltd.
441-202	Sony Wireless Communications Inc.
441-203	Gujo City
441-204	Wicom Inc.
441-205	Katch Network Inc.
441-206	Mitsubishi Electric Corp.
441-207	Mitsui Knowledge Industry Co., Ltd.
441-208	Chudenko Corp.
441-209	Cable Television Toyama Inc.
441-210	NTT East Corp.
441-211	Starcat Cable Network Co., Ltd.
441-212	I-TEC Solutions Co., Ltd.
441-213	Hokkaido Telecommunication Network Co., Inc.
441-214	Vroove Inc.
441-215	KYOCERA Mirai Envision Co., Ltd.
441-216	Eureka Wireless K.K.
441-217	NTT docomo
441-218	KDDI Corporation
441-219	NTT docomo
441-91	Tokyo Organising Committee of the Olympic and Paralympic Games
450-1	Globalstar Asia Pacific
450-11	Tplus
450-12	SKTelecom
450-2	KT
450-3	Power 017
450-4	KT
450-5	SKTelecom
450-6	LG U+
450-7	KT
450-8	olleh
452-1	MobiFone
452-2	Vinaphone
452-3	S-Fone
452-4	Viettel Mobile
452-5	Vietnamobile
452-6	EVNTelecom
452-7	Gmobile
452-8	I-Telecom
452-9	Wintel
454-0	1O1O / One2Free / New World Mobility / SUNMobile
454-1	CITIC Telecom 1616
454-10	New World Mobility
454-11	China-Hong Kong Telecom
454-12	CMCC HK
454-13	CMCC HK
454-14	Hutchison Telecom
454-15	SmarTone
454-16	PCCW Mobile (2G)
454-17	SmarTone
454-18	CSL Limited
454-19	PCCW Mobile (3G)
454-2	CSL Limited
454-20	PCCW Mobile (4G)
454-21	VNET Group Limited
454-22	HuiYinBi Telecom (Hong Kong) Limited
454-23	Lycamobile
454-24	Multibyte Info Technology Ltd
454-25	Hong Kong Government
454-26	Hong Kong Government
454-29	PCCW Mobile (CDMA)
454-290	Hong Kong Government
454-3	3
454-30	CMCC HK
454-31	CTExcel
454-32	Hong Kong Broadband Network Ltd
454-35	Webbing Hong Kong Ltd
454-36	Easco Telecommunications Limited
454-380	Hong Kong Government
454-382	South China Telecommunications (H.K.) Limited
454-383	China Mobile Hong Kong Company Limited
454-390	Hong Kong Government
454-4	3 (2G)
454-5	3 (CDMA)
454-6	SmarTone
454-7	China Unicom
454-8	Truphone
454-9	China Motion Telecom
455-0	SmarTone
455-1	CTM
455-2	China Telecom
455-3	HT Macau / 3 Macau
455-4	CTM
455-5	3 Macau
455-6	SmarTone
455-7	China Telecom
456-1	Cellcard
456-11	SEATEL
456-18	Cellcard
456-2	Smart
456-3	qb
456-4	qb
456-5	Smart
456-6	Smart
456-8	Metfone
456-9	Metfone
457-1	LaoTel
457-2	ETL
457-3	Unitel
457-7	Best
457-8	TPLUS
460-0	China Mobile
460-1	China Unicom
460-11	China Telecom
460-15	China Broadnet
460-2	China Mobile
460-20	China Tietong
460-3	China Telecom
460-4	China Mobile
460-5	China Telecom
460-6	China Unicom
460-7	China Mobile
460-8	China Mobile
460-9	China Unicom
466-1	FarEasTone
466-10	G1
466-11	Chunghwa LDM
466-12	Asia Pacific Telecom
466-2	FarEasTone
466-3	FarEasTone
466-5	Gt
466-56	FITEL
466-6	FarEasTone
466-68	Tatung InfoComm
466-7	FarEasTone
466-88	FarEasTone
466-89	T Star
466-9	VMAX
466-90	T Star
466-92	Chunghwa
466-93	Taiwan Mobile
466-97	Taiwan Mobile
466-99	Taiwan Mobile
467-193	SunNet
467-5	Koryolink
467-6	Kangsong NET
470-1	Grameenphone
470-10	Banglalion
470-2	Robi
470-3	Banglalink
470-4	Teletalk
470-5	Citycell
470-7	Airtel
470-9	ollo
472-1	Dhiraagu
472-2	Ooredoo
502-1	ATUR 450
502-10	Celcom, DiGi, Maxis, Tune Talk, U Mobile, Unifi, XOX, Yes
502-11	TM Homeline
502-12	Maxis
502-13	CelcomDigi
502-14	Telekom Malaysia Berhad for PSTN SMS
502-150	Tune Talk
502-151	SalamFone
502-152	Yes
502-153	unifi
502-154	Tron
502-155	Clixster
502-156	Altel
502-157	Telin
502-16	DiGi
502-17	Maxis
502-18	U Mobile
502-19	Celcom
502-20	Electcoms
505-1	Telstra
505-10	Norfolk Island
505-11	Telstra
505-12	3
505-13	RailCorp
505-14	AAPT
505-15	3GIS
505-16	VicTrack
505-17	Optus
505-18	Pactel
505-19	Lycamobile
505-2	Optus
505-20	Ausgrid Corporation
505-21	Queensland Rail
505-22	iiNet
505-23	Vocus
505-24	Advanced Communications Technologies
505-25	Pilbara Iron
505-26	Sinch Australia
505-27	Ergon Energy Telecommunications
505-28	RCOM International
505-3	Vodafone
505-30	Compatel
505-31	BHP
505-32	Thales Australia
505-33	Sinch Australia
505-34	Santos
505-35	Bird.com
505-36	Optus
505-37	Yancoal
505-38	Truphone
505-39	Telstra
505-4	Department of Defence
505-40	CITIC Pacific Mining
505-41	Aqura Technologies
505-42	GEMCO
505-43	Arrow Energy
505-44	Roy Hill
505-45	Clermont Coal Operations
505-46	AngloGold Ashanti Australia Ltd
505-47	Woodside Energy
505-48	Titan ICT
505-49	Field Solutions Group
505-5	Ozitel
505-50	Pivotel Group
505-51	Fortescue
505-52	OptiTel Australia
505-53	Shell Australia
505-54	SimCorner Pty Ltd
505-55	New South Wales Government Telecommunications Authority
505-56	Nokia
505-57	CiFi
505-58	Wi-Sky
505-59	Starlink
505-6	3
505-60	Starlink
505-61	CommTel NS
505-62	NBN
505-63	MarchNet
505-64	Roam Aussie Pty Ltd
505-68	NBN
505-7	TPG Telecom
505-71	Telstra
505-72	Telstra
505-8	One.Tel
505-88	Pivotel Group
505-9	Airnet
505-90	Alphawest
505-99	Telstra
510-0	PSN
510-1	Indosat
510-10	Telkomsel
510-11	XL
510-20	TelkomMobile
510-21	Indosat
510-27	Net1
510-28	Fren/Hepi
510-3	StarOne
510-7	TelkomFlexi
510-78	hinet
510-8	AXIS
510-88	Bolt!
510-89	3
510-9	Smartfren
510-99	Esia
514-1	Telkomcel
514-2	TT
514-3	Telemor
515-1	G Starlink
515-11	PLDT via ACeS Philippines
515-18	Cure
515-2	Globe
515-24	ABS-CBN Mobile
515-3	SMART
515-5	Sun Cellular
515-66	DITO
515-88	Next Mobile Inc.
520-0	TrueMove H / my by NT
520-1	AIS
520-15	AIS-T / NT Mobile
520-17	NT Mobile
520-18	dtac
520-2	my by NT
520-20	ACeS
520-23	AIS GSM 1800
520-25	WE PCT
520-3	AIS
520-4	TrueMove H
520-47	dtac-T, True-T
520-5	dtac
520-9	Royal Thai Police
520-99	TrueMove
525-1	SingTel
525-10	SIMBA
525-11	M1
525-12	Grid
525-2	SingTel-G18
525-200	5G Test Bed
525-201	5G EP Twin Networks
525-202	5G EP Twin Networks
525-203	5G EP Twin Networks
525-204	5G EP Twin Networks
525-205	5G EP Test Bed
525-3	M1
525-4	Grid
525-5	StarHub
525-6	StarHub
525-7	StarHub
525-8	StarHub
525-9	Circles.Life
528-1	TelBru
528-11	DST
528-2	PCSB
528-3	UNN
530-0	Spark
530-1	One NZ
530-11	Tū Ātea
530-12	BAINZ
530-13	One NZ
530-14	2degrees
530-15	Spark
530-2	Spark
530-24	2degrees
530-3	Woosh
530-4	One NZ
530-5	Spark
530-6	FX Networks
530-7	Dense Air New Zealand
536-2	Digicel
536-3	Nauru Telikom Corporation
537-1	bmobile
537-2	citifon
537-3	Digicel
537-4	Digitec Communication Ltd.
539-1	U-Call
539-43	Shoreline Communication
539-88	Digicel
540-1	BREEZE
540-2	BeMobile
541-0	AIL
541-1	SMILE
541-5	Digicel
541-7	WanTok
542-1	Vodafone
542-2	Digicel
542-3	TFL
543-1	Manuia
544-11	Bluesky
545-1	Kiribati - ATH
545-2	OceanLink
545-9	Kiribati - Frigate Net
546-1	Mobilis
547-10	Mara Telecom
547-15	Vodafone
547-20	Vini
547-5	Ora
548-1	Vodafone
548-2	VakaNET Ltd.
549-0	Digicel
549-1	Digicel
549-27	Vodafone
550-1	FSMTC
550-2	iBoom!
551-1	Marshall Islands National Telecommunications Authority (MINTA)
552-1	PNCC
552-2	PT Waves
552-80	Palau Mobile
552-99	PMCI
553-1	TTC
554-1	Teletok
555-1	Telecom Niue
602-1	Orange
602-2	Vodafone
602-3	e&
602-4	WE
603-1	Mobilis
603-2	Djezzy
603-21	ANESRIF
603-3	Ooredoo
603-7	AT
603-9	AT
604-0	Orange Morocco
604-1	IAM
604-2	INWI
604-4	Al Houria Telecom
604-5	INWI
604-6	IAM
604-99	Al Houria Telecom
605-1	Orange
605-2	Tunicell
605-3	Ooredoo
606-0	Libyana
606-1	Madar
606-2	Al-Jeel Phone
606-3	Libya Phone
606-6	Hatef Libya
607-1	Gamcel
607-2	Africell
607-3	Comium
607-4	QCell
607-5	Gamtel-Ecowan
607-6	NETPAGE
608-1	Orange
608-2	Free
608-3	Expresso
608-4	CSU-SA
609-1	Mattel
609-10	Moov
609-2	Chinguitel
610-1	Malitel
610-2	Orange
610-3	Telecel
611-1	Orange
611-2	Guinée Télécom
611-3	Intercel
611-4	MTN
611-5	Cellcom
612-1	Cora de Comstar
612-18	YooMee
612-2	Moov
612-3	Orange
612-4	KoZ
612-5	MTN
612-6	GreenN
612-7	café
613-1	Moov
613-2	Orange
613-3	Telecel Faso
614-1	SahelCom
614-2	Airtel
614-3	Moov
614-4	Orange
615-1	Togo Cell
615-3	Moov
616-1	Benin Telecoms Mobile
616-2	Moov
616-3	MTN
616-4	BBCOM
616-5	Glo
616-7	Celtiis
617-1	my.t
617-10	Emtel
617-2	MOKOZE / AZU
617-3	CHILI
618-1	Lonestar Cell MTN
618-2	Libercell
618-20	LIBTELCO
618-4	Novafone
618-7	Orange LBR
619-1	Orange
619-2	Africell
619-25	Mobitel
619-3	Africell
619-4	Comium
619-40	Datatel (SL) Ltd.
619-5	Africell
619-50	Datatel (SL) Ltd.
619-6	SierraTel
619-7	Qcell Sierra Leone
619-9	Smart Mobile
620-1	MTN
620-10	Blu
620-11	Netafrique Dot Com Ltd
620-12	BTL
620-13	Goldkey
620-14	busy
620-15	Lebara
620-16	Telesol
620-17	iBurst Africa
620-2	Vodafone
620-3	AT Ghana
620-4	Expresso
620-5	National Security
620-6	AT Ghana
620-7	Globacom
620-8	Surfline
620-9	NITA
621-0	Capcom
621-20	Airtel
621-22	InterC
621-24	Spectranet
621-25	Visafone
621-26	Swift
621-27	Smile
621-28	MCom (Mafab)
621-30	MTN
621-40	Ntel
621-50	Glo
621-60	9mobile
622-1	Airtel
622-2	Tawali
622-3	Tigo
622-7	Salam
623-1	Moov
623-2	TC
623-3	Orange
623-4	Azur
624-1	MTN Cameroon
624-2	Orange
624-3	Camtel
624-4	Nexttel
625-1	CVMOVEL
625-2	T+
626-1	CSTmovel
626-2	Unitel STP
627-1	Orange GQ
627-3	Muni
628-1	Libertis
628-2	Moov
628-3	Airtel
628-4	Azur
628-5	RAG
629-1	Airtel
629-10	Libertis Telecom
629-7	Airtel
630-1	Vodacom
630-2	Airtel
630-5	Supercell
630-86	Orange RDC
630-88	YTT
630-89	Orange RDC
630-90	Africell
631-2	UNITEL
631-4	MOVICEL
631-5	Africell
632-1	Guinetel
632-2	MTN Areeba
632-3	Orange
632-7	Guinetel
633-1	Cable & Wireless
633-10	Airtel
633-2	Mediatech
633-5	Intelvision Ltd
634-1	Zain SD
634-2	MTN
634-3	MTN
634-5	NOW
634-7	Sudani One
634-9	khartoum INC
635-10	MTN Rwanda
635-11	Liquid Telecom
635-12	Liquid Telecom
635-13	Airtel
635-14	Airtel
635-17	KTRN
636-1	MTN
636-2	Safari
637-1	Telesom
637-10	Nationlink
637-20	SOMNET
637-30	Golis
637-4	Somafone
637-50	Hormuud
637-57	UNITEL
637-60	Nationlink
637-67	Horntel Group
637-70	Onkod Telecom Ltd.
637-71	Somtel
637-82	Telcom
638-1	Evatis
639-1	Safaricom IoT
639-10	Faiba 4G
639-11	Jambo Telcoms Limited
639-12	Infura Limited
639-13	Hidiga Investments Ltd
639-14	NRG Media Limited
639-2	Safaricom
639-3	Airtel
639-4	Mobile Pay Kenya Limited
639-5	Airtel
639-6	Finserve Africa Limited
639-7	Telkom
639-8	Wetribe Ltd
639-9	Homeland Media Group Limited
640-1	Shared Network Tanzania Limited
640-11	Smile
640-12	MyCell Limited
640-13	Cootel
640-14	MO Mobile Holding Limited
640-2	tiGO
640-3	Zantel
640-4	Vodacom
640-5	Airtel
640-6	WIA Company Limited
640-7	TTCL Mobile
640-8	extel
640-9	Halotel
641-1	Airtel
641-10	MTN
641-11	Uganda Telecom
641-14	Africell
641-16	SimbaNET Uganda Limited
641-18	Smart
641-20	Hamilton Telecom Limited
641-22	Airtel
641-26	Lycamobile
641-30	Anupam Global Soft Uganda Limited
641-33	Smile
641-4	Tangerine Uganda Limited
641-40	Civil Aviation Authority (CAA)
641-44	K2
641-5	Roke Telkom (Uganda) Limited
641-6	Savanna Fibre Limited
641-66	i-Tel
641-7	Blue Crane Communications (U) Limited
641-8	Talkio Mobile Limited
642-1	econet Leo
642-2	Tempo
642-3	Onatel
642-7	Smart Mobile
642-8	Lumitel
642-82	econet Leo
643-1	tmCel
643-3	Movitel
643-4	Vodacom
645-1	Airtel
645-2	MTN
645-3	ZAMTEL
645-4	Zedmobile
645-7	Liquid Telecom Zambia Limited
646-1	Airtel
646-2	Orange
646-3	Sacel
646-4	Telma
646-5	BIP / blueline
647-0	Orange
647-1	Maoré Mobile
647-10	SFR Réunion
647-2	Only
647-3	Free
647-4	Zeop
648-1	Net*One
648-3	Telecel
648-4	Econet
649-1	MTC
649-2	switch
649-3	TN Mobile
649-4	Paratus Telecommunications (Pty)
649-5	Click Cloud Hosting Services CC
649-6	MTN Namibia
649-7	Loc Eight Mobile (Pty) Ltd
650-1	TNM
650-10	Airtel
650-2	Access
650-3	MTL
651-1	Vodacom
651-10	Vodacom
651-2	Econet Telecom
652-1	Mascom
652-2	Orange
652-4	BTC Mobile
652-6	Paratus Telecommunications (Pty) Ltd
653-1	SPTC
653-10	MTN Eswatini
653-2	Eswatini Mobile Limited
654-1	HURI
654-2	TELCO SA
655-1	Vodacom
655-10	MTN
655-11	MTN
655-12	MTN
655-13	Neotel
655-14	Neotel
655-16	Phoenix System Integration (Pty) Ltd
655-17	Sishen Iron Ore Company (Ltd) Pty
655-18	MTN
655-19	rain
655-2	Telkom
655-20	Vodacom
655-21	Cape Town Metropolitan Council
655-24	SMSPortal (Pty) Ltd.
655-25	Wirels Connect
655-27	A to Z Vaal Industrial Supplies Pty Ltd
655-28	Hymax Talking Solutions (Pty) Ltd
655-3	Telkom
655-30	Bokamoso Consortium
655-31	Karabo Telecoms (Pty) Ltd.
655-32	Ilizwi Telecommunications
655-33	Thinta Thinta Telecommunications Pty Ltd
655-34	Bokone Telecoms Pty Ltd
655-35	Kingdom Communications Pty Ltd
655-36	Amatole Telecommunications Pty Ltd
655-38	rain
655-4	Sasol (Pty) Ltd.
655-41	South African Police Service
655-46	SMS Cellular Services (Pty) Ltd
655-5	Telkom SA Ltd
655-50	Ericsson South Africa (Pty) Ltd
655-51	Integrat (Pty) Ltd
655-53	Lycamobile
655-6	Sentech (Pty) Ltd
655-65	Vodacom Pty Ltd
655-7	Cell C
655-73	rain
655-74	rain
655-75	ACSA
655-76	Comsol Networks (Pty) Ltd
655-77	Umoja Connect
655-8	Cell C
655-9	Cell C
657-1	Eritel
658-1	Sure
659-2	MTN
659-3	Gemtel
659-4	Vivacell
659-5	DIGITEL
659-6	Zain
659-7	Sudani
702-67	DigiCell
702-68	INTELCO
702-69	SMART
702-99	SMART
704-1	Claro
704-2	Tigo
704-3	Claro
704-4	digicel
704-5	RED/INTELFON
706-1	Claro
706-2	Digicel
706-3	Tigo
706-4	Movistar
706-5	RED
708-1	Claro
708-2	Tigo
708-30	Hondutel
708-40	Digicel
710-21	Claro
710-300	Tigo
710-73	Claro
712-1	Kölbi ICE
712-2	Kölbi ICE
712-20	RACSA
712-3	Claro
712-4	Liberty
712-7	ring.cr
712-8	Coopelesca
712-9	Coopesantos
714-1	+Móvil
714-2	Tigo
714-20	Tigo
714-3	Claro
714-4	Digicel
714-5	Cable & Wireless
716-10	Claro
716-15	Bitel
716-17	Entel
716-6	Movistar
716-7	Entel
722-1	Tuenti
722-10	Movistar & Tuenti
722-20	Nextel
722-210	IMOWI
722-310	Claro
722-320	Claro
722-330	Claro
722-34	Personal
722-340	Personal
722-341	Personal
722-350	PORT-HABLE
722-40	Globalstar
722-7	Movistar
722-70	Movistar
724-0	Nextel
724-1	SISTEER DO BRASIL TELECOMUNICAÇÔES
724-10	Vivo
724-11	Vivo
724-12	Claro
724-13	NLT
724-15	Sercomtel
724-16	Brasil Telecom GSM
724-17	Surf Telecom
724-18	datora
724-2	TIM
724-21	LIGUE
724-23	Vivo
724-24	Amazonia Celular
724-28	No name
724-29	Unifique
724-3	TIM
724-30	Oi
724-31	Oi
724-32	Algar Telecom
724-33	Algar Telecom
724-34	Algar Telecom
724-35	Telcom Telecomunicações
724-36	Options Telecomunicações
724-37	aeiou
724-38	Claro
724-39	Nextel
724-4	TIM
724-40	Telecall
724-5	Claro
724-54	Conecta
724-6	Vivo
724-99	Local
730-1	Entel
730-10	Entel
730-11	Celupago S.A.
730-12	Colo-Colo Móvil / Wanderers Móvil
730-13	Virgin Mobile
730-14	Netline Telefónica Móvil Ltda
730-15	Cibeles Telecom S.A.
730-16	Nomade Telecomunicaciones S.A.
730-17	COMPATEL Chile Limitada
730-18	Empresas Bunker S.A.
730-19	móvil Falabella
730-2	Movistar
730-20	Inversiones Santa Fe Limitada
730-21	Entel
730-22	Cellplus SpA
730-23	Claro
730-24	Claro
730-26	Entel
730-27	Cibeles Telecom S.A.
730-28	Airtime Chile S.p.A.
730-29	Movistar
730-3	Claro
730-30	Movistar
730-31	Entel
730-32	Entel
730-4	WOM
730-5	Multikom S.A.
730-6	Telsur
730-7	Movistar
730-8	VTR Móvil
730-9	WOM
730-99	Will
732-1	Movistar
732-100	Claro
732-101	Claro
732-102	Bellsouth Colombia
732-103	Tigo
732-111	Tigo
732-123	Movistar
732-124	Movistar
732-130	AVANTEL
732-142	Une EPM Telecomunicaciones S.A. E.S.P.
732-154	Virgin Mobile
732-157	Móvil Éxito
732-165	Colombia Móvil S.A. ESP
732-176	DirecTV Colombia Ltda
732-187	eTb
732-199	SUMA Movil SAS
732-2	Edatel
732-20	Tigo
732-208	UFF Movil SAS
732-210	Hablame Colombia SAS ESP
732-220	Libre Tecnologias SAS
732-230	Setroc Mobile Group SAS
732-240	Logistica Flash Colombia SAS
732-250	Plintron Colombia SAS
732-3	LLEIDA S.A.S.
732-360	WOM
732-363	Partners Telecom Colombia SAS
732-4	COMPATEL COLOMBIA SAS
732-666	Claro
732-99	EMCALI
734-1	Digitel
734-2	Digitel
734-3	DirecTV
734-4	Movistar
734-6	Movilnet
734-8	PATRIACELL C.A.
736-1	Viva
736-2	Entel
736-3	Tigo
738-0	E-Networks
738-1	Digicel
738-2	GT&T Cellink Plus
738-3	Quark Communications Inc.
738-40	E-Networks
738-5	eGovernment Unit, Ministry of the Presidency
740-0	Movistar
740-1	Claro
740-2	CNT Mobile
740-3	Tuenti
742-4	Free
744-1	VOX
744-2	Claro
744-3	Compañia Privada de Comunicaciones S.A.
744-4	Tigo
744-5	Personal
744-6	Copaco
746-2	Telesur
746-3	Digicel
746-4	Digicel
746-5	Telesur
748-0	Antel
748-1	Antel
748-10	Claro
748-15	ENALUR S.A.
748-3	Antel
748-7	Movistar
750-1	Sure
901-1	Webbing
901-10	Omnispace LLC
901-11	Inmarsat
901-12	Telenor
901-13	GSM.AQ
901-14	AeroMobile
901-15	OnAir
901-16	Cisco Jasper
901-17	Navitas
901-18	WMS
901-19	Epic Maritime
901-2	GlobalmatiX AG
901-20	Intermatica
901-21	Wins Limited
901-22	MediaLincc Ltd
901-23	Bloxtel Inc.
901-24	iNum
901-25	Datora Mobile Telecomunicações SA
901-26	TIM@sea
901-27	OnMarine
901-28	Vodafone
901-29	Myriota
901-3	Iridium
901-30	OQ Technology
901-31	Orange
901-32	Sky High
901-33	Onomondo ApS
901-34	tyntec GmbH
901-35	Globecomm Network Services
901-36	Azerfon
901-37	Transatel
901-38	Multiregional TransitTelecom (MTT)
901-39	MTX Connect Ltd
901-4	BBIX Singapore Pte. Ltd.
901-40	1NCE
901-41	One Network B.V.
901-42	IMC Island Ehf
901-43	EMnify GmbH
901-44	AT&T Inc.
901-45	Advanced Wireless Network Company Limited
901-46	Telecom26 AG
901-47	SFR
901-48	Com4
901-49	Zain
901-5	Thuraya RMSS Network
901-50	EchoStar Mobile
901-51	Ligado Networks Subsidiary LLC
901-52	Manx Telecom Trading Ltd.
901-53	European Aviation Network
901-54	Teleena Holding B.V.
901-55	Beezz Communication Solutions Ltd.
901-56	ETSI
901-57	AST SpaceMobile
901-58	BICS
901-59	Bird B.V.
901-6	Thuraya Satellite Telecommunications Company
901-60	OneWeb
901-61	MTN Management Services
901-62	KORE Wireless
901-63	Beamlink, Inc.
901-64	Syniverse Technologies, LLC
901-65	Plintron Global Technology Solutions Pty Ltd
901-66	Limitless Mobile LLC
901-67	1NCE GmbH
901-68	Maersk Line A/S
901-69	Legos
901-7	NTT Ltd.
901-70	Bureau 1440 LLC
901-71	Tampnet AS
901-72	Tele2 Sverige Aktiebolag
901-73	Cubic Telecom Limited
901-74	Etisalat
901-75	Giesecke+Devrient
901-76	A1 Telekom Austria AG
901-77	Bouygues Telecom
901-78	Telecom Italia Sparkle S.p.A.
901-79	Nokia Corporation
901-8	SpaceX
901-80	Flo Live Limited
901-81	Airnity SAS
901-82	Eseye Limited
901-83	iBasis Netherlands BV
901-84	Telefónica Móviles España, S.A. Unipersonal
901-85	Telefónica Germany GmbH & Co. OHG
901-86	BJT Partners SAS
901-87	Cisco Systems, Inc.
901-88	Bondio Limited
901-89	DIDWW Ireland Limited
901-9	China Telecommunications Corporation
901-90	Truphone Limited
901-91	World Mobile Group Limited
901-92	Phonegroup SA
901-93	SkyFive AG
901-94	Intelsat US LLC
901-95	HMD Global Oy
901-96	KORE Wireless
901-97	Satelio IoT Services S.L.
901-98	Skylo
901-99	Athalos Global Services BV
902-1	MulteFire Alliance
991-1	World's Global Telecom
991-2	5G Croco
991-3	Halys SAS
991-4	E-Space Inc.
995-1	FonePlus
999-99	Internal use
999-999	Internal use
